日期,水质类别,水温,pH,溶解氧,高锰酸盐指数,氨氮,总磷,总氮,电导率,浊度
2022/1/1,2,12.45,8.12,7.41,5.03,0.11,0.04,1.91,465.55,8.67
2022/1/2,2,12.55,8.11,7.43,5.39,0.1,0.04,1.87,465.84,8.26
2022/1/3,2,12.52,8.15,7.6,5.44,0.11,0.04,1.92,466.45,9.76
2022/1/4,3,12.43,8.14,7.66,5.6,0.14,0.05,1.93,466.98,11.03
2022/1/5,2,12.59,8.17,7.68,5.34,0.09,0.04,1.95,467.91,9.53
2022/1/6,2,12.59,8.19,7.71,5.3,0.08,0.04,1.96,467.26,9.18
2022/1/7,2,12.0,8.18,7.73,5.28,0.06,0.04,1.95,466.03,9.72
2022/1/8,2,12.16,8.22,7.83,5.29,0.06,0.04,1.94,466.58,10.05
2022/1/9,2,12.32,8.22,7.86,5.26,0.07,0.04,1.95,466.34,9.08
2022/1/10,2,12.32,8.23,7.82,5.34,0.06,0.04,1.94,467.7,9.94
2022/1/11,2,12.23,8.24,7.95,5.58,0.11,0.05,1.93,468.31,10.89
2022/1/12,2,12.31,8.24,7.89,5.71,0.14,0.04,1.92,470.77,10.04
2022/1/13,2,12.36,8.27,7.845,5.44,0.16,0.05,1.92,471.35,10.02
2022/1/14,3,12.11,8.24,7.8,5.57,0.18,0.05,1.89,473.08,10.28
2022/1/15,2,12.17,8.24,7.82,5.59,0.21,0.04,1.92,472.84,10.55
2022/1/16,2,12.23,8.28,7.92,5.43,0.14,0.05,1.91,472.81,9.46
2022/1/17,3,11.97,8.28,7.91,5.47,0.21,0.05,1.9,473.64,10.88
2022/1/18,3,12.43,8.32,8.04,5.49,0.22,0.04,1.89,473.63,9.54
2022/1/19,2,11.74,8.31,8.1,5.59,0.26,0.04,1.89,473.94,9.34
2022/1/20,2,11.67,8.31,8.14,5.66,0.29,0.04,1.89,473.82,9.92
2022/1/21,2,11.42,8.29,8.01,5.49,0.31,0.04,1.9,473.84,9.5
2022/1/22,2,11.23,8.32,8.11,5.7,0.35,0.04,1.89,473.92,11.07
2022/1/23,2,11.23,8.3,8.08,5.51,0.35,0.04,1.89,473.73,10.16
2022/1/24,2,11.23,8.31,8.15,5.71,0.35,0.04,1.9,473.19,8.47
2022/1/25,2,11.14,8.31,8.14,5.48,0.37,0.04,1.9,473.54,10.38
2022/1/26,3,11.29,8.28,7.89,5.58,0.39,0.04,1.9,473.16,9.66
2022/1/27,3,11.27,8.3,8.07,5.74,0.41,0.04,1.91,473.33,10.5
2022/1/28,2,11.25,8.32,8.15,5.3,0.43,0.04,1.92,473.38,9.89
2022/1/29,2,11.28,8.3,8.03,5.56,0.42,0.04,1.93,473.71,10.93
2022/1/30,2,11.13,8.33,8.02,5.35,0.14,0.04,1.93,474.08,10.25
2022/1/31,2,11.17,8.32,8.04,5.52,0.12,0.04,1.94,473.05,10.05
2022/2/1,2,10.66,8.29,7.99,5.49,0.15,0.04,1.93,474.96,10.08
2022/2/2,2,10.75,8.35,8.22,5.66,0.36,0.05,1.93,474.36,15.76
2022/2/3,3,10.85,8.31,7.95,5.41,0.34,0.05,1.94,477.15,13.72
2022/2/4,3,11.05,8.36,8.11,5.56,0.34,0.05,1.94,478.65,10.6
2022/2/5,3,11.0,8.4,8.47,6.16,0.33,0.05,1.94,479.73,10.74
2022/2/6,3,10.97,8.39,8.3,5.87,0.3,0.05,1.94,479.97,11.65
2022/2/7,2,10.89,8.35,8.06,5.36,0.21,0.05,1.95,482.0,10.54
2022/2/8,2,10.91,8.36,8.12,5.33,0.11,0.04,1.95,482.15,10.17
2022/2/9,3,11.03,8.38,8.25,5.59,0.16,0.04,1.94,481.78,10.93
2022/2/10,2,11.07,8.37,8.2,5.65,0.11,0.04,1.94,481.95,11.33
2022/2/11,3,11.41,8.37,8.16,5.96,0.11,0.04,1.93,483.29,11.52
2022/2/12,3,11.59,8.39,8.2,5.85,0.12,0.04,1.92,483.47,12.0
2022/2/13,2,11.81,8.36,8.11,5.84,0.06,0.04,1.18,485.27,11.86
2022/2/14,3,12.18,8.4,8.07,5.66,0.17,0.04,1.87,486.14,8.34
2022/2/15,2,12.26,8.43,8.11,5.6,0.17,0.04,1.88,487.37,9.31
2022/2/16,2,12.23,8.43,8.05,5.68,0.18,0.04,1.88,489.34,11.8
2022/2/17,3,12.36,8.43,7.88,5.46,0.15,0.04,1.88,489.06,12.36
2022/2/18,2,12.62,8.4,7.59,5.59,0.1,0.04,1.88,490.44,11.25
2022/2/19,2,13.11,8.46,7.73,5.48,0.13,0.04,1.88,490.01,9.58
2022/2/20,2,12.3,8.36,7.48,5.81,0.17,0.04,1.89,491.68,13.23
2022/2/21,2,11.08,8.28,7.48,5.61,0.12,0.04,1.89,491.24,12.14
2022/2/22,2,9.9,8.25,7.55,5.4,0.23,0.04,1.91,492.26,12.21
2022/2/23,2,9.57,8.29,7.72,5.32,0.11,0.04,1.92,491.97,10.77
2022/2/24,2,9.51,8.28,7.78,5.46,0.09,0.04,1.92,493.48,9.75
2022/2/25,2,9.95,8.29,7.81,5.39,0.1,0.04,1.99,492.91,10.48
2022/2/26,2,10.85,8.33,8.01,5.71,0.13,0.03,2.01,491.66,9.73
2022/2/27,2,10.64,8.28,7.76,5.75,0.09,0.03,2.02,493.52,10.28
2022/2/28,2,11.4,8.32,8.11,5.86,0.15,0.03,2.03,491.89,11.47
2022/3/1,2,11.77,8.29,8.04,5.86,0.16,0.03,2.04,493.35,10.18
2022/3/2,3,12.02,8.28,8.01,5.96,0.18,0.03,2.04,494.5,9.42
2022/3/3,3,12.27,8.33,7.99,6.06,0.19,0.03,2.05,495.68,10.22
2022/3/4,2,12.43,8.34,7.96,5.87,0.11,0.03,2.04,497.01,8.89
2022/3/5,3,12.73,8.36,8.03,5.8,0.17,0.03,2.05,497.04,7.96
2022/3/6,3,13.3,8.36,7.92,5.83,0.11,0.03,2.04,497.06,7.41
2022/3/7,3,13.99,8.37,8.05,6.03,0.21,0.04,2.06,498.19,7.08
2022/3/8,3,13.9,8.39,7.96,6.03,0.25,0.04,2.1,498.83,6.62
2022/3/9,3,14.33,8.39,7.87,6.22,0.31,0.03,2.12,498.23,7.08
2022/3/10,2,15.18,8.38,7.79,5.31,0.37,0.03,2.14,499.11,5.87
2022/3/11,3,15.3,8.4,7.74,6.09,0.43,0.03,2.16,500.15,6.71
2022/3/12,3,15.47,8.38,7.59,5.55,0.46,0.03,2.17,501.14,6.2
2022/3/13,2,16.17,8.44,7.87,5.86,0.5,0.03,2.18,501.94,5.85
2022/3/14,2,16.98,8.46,7.91,5.82,0.55,0.03,2.21,502.45,6.04
2022/3/15,2,16.59,8.45,7.74,5.9,0.59,0.05,2.22,502.74,8.4
2022/3/16,3,16.38,8.4,7.36,6.04,0.65,0.05,2.23,502.46,10.25
2022/3/17,3,17.82,8.56,8.07,5.55,0.7,0.04,2.23,502.03,13.63
2022/3/18,3,18.18,8.57,8.1,5.98,0.74,0.05,2.22,502.25,10.19
2022/3/19,3,17.33,8.56,8.09,6.38,0.75,0.05,2.21,502.57,9.45
2022/3/20,3,17.24,8.61,8.09,6.66,0.75,0.05,2.19,501.95,10.11
2022/3/21,3,17.41,8.63,7.86,6.66,0.74,0.05,2.17,502.55,10.98
2022/3/22,2,17.55,8.52,7.41,5.83,0.72,0.04,2.15,504.44,8.99
2022/3/23,3,17.21,8.53,7.42,6.02,0.7,0.05,2.13,503.92,10.03
2022/3/24,3,17.06,8.54,7.26,6.18,0.68,0.05,2.11,502.68,12.01
2022/3/25,3,16.95,8.57,7.43,6.89,0.67,0.06,2.1,501.74,16.04
2022/3/26,3,16.66,8.46,7.31,5.98,0.66,0.06,2.08,503.85,12.56
2022/3/27,3,16.48,8.43,6.9,5.83,0.64,0.06,2.06,503.91,12.75
2022/3/28,3,16.41,8.44,7.0,5.61,0.63,0.06,2.06,503.73,11.19
2022/3/29,3,16.3,8.49,7.19,5.49,0.61,0.06,2.07,503.89,13.38
2022/3/30,3,16.79,8.55,7.53,5.47,0.6,0.06,2.08,503.07,13.41
2022/3/31,3,16.76,8.52,7.18,5.55,0.59,0.07,2.08,502.71,26.09
2022/4/1,4,15.54,8.32,6.41,6.34,0.6,0.06,2.08,503.52,51.38
2022/4/2,3,14.24,8.32,6.65,5.61,0.6,0.09,2.08,503.28,25.24
2022/4/3,3,14.19,8.42,7.47,5.84,0.6,0.08,2.07,503.0,18.19
2022/4/4,3,14.21,8.47,7.88,5.76,0.58,0.08,2.08,501.41,16.99
2022/4/5,3,14.23,8.39,7.29,5.36,0.57,0.08,2.07,501.86,20.88
2022/4/6,3,13.85,8.39,7.37,5.55,0.56,0.09,2.06,499.5,21.11
2022/4/7,3,14.44,8.5,8.11,5.51,0.55,0.09,2.05,497.21,18.05
2022/4/8,3,14.8,8.69,9.28,5.48,0.55,0.07,2.05,498.27,13.62
2022/4/9,3,14.84,8.68,9.03,5.27,0.54,0.06,2.04,496.69,12.61
2022/4/10,3,16.18,8.78,7.88,5.43,0.53,0.06,2.03,495.48,63.44
2022/4/11,3,16.51,8.76,8.13,5.29,0.52,0.06,2.02,494.21,35.07
2022/4/12,3,16.52,8.65,8.35,5.25,0.36,0.06,1.89,490.96,14.95
2022/4/13,3,16.29,8.53,9.03,5.29,0.35,0.06,1.98,491.74,17.85
2022/4/14,3,17.24,8.62,8.77,5.32,0.44,0.07,1.97,490.1,20.27
2022/4/15,3,17.4,8.65,8.91,5.29,0.42,0.07,1.96,490.61,18.09
2022/4/16,3,17.45,8.6,8.33,5.36,0.41,0.08,1.94,493.38,17.75
2022/4/17,3,17.6,8.67,8.6,5.63,0.22,0.08,1.93,491.4,19.35
2022/4/18,3,17.34,8.62,8.09,6.24,0.22,0.08,1.73,490.66,23.94
2022/4/19,3,16.71,8.5,7.27,5.52,0.35,0.07,1.89,494.07,20.63
2022/4/20,3,17.03,8.62,8.27,5.74,0.33,0.07,1.88,493.01,18.07
2022/4/21,3,16.76,8.72,8.94,5.73,0.23,0.07,1.87,490.08,16.93
2022/4/22,3,16.46,8.64,8.03,5.71,0.22,0.07,1.74,491.78,16.73
2022/4/23,4,17.79,8.83,9.05,5.67,0.17,0.06,1.84,489.19,17.52
2022/4/24,3,17.33,8.79,7.84,5.87,0.19,0.07,1.73,492.15,18.48
2022/4/25,3,17.71,8.84,8.02,5.79,0.17,0.07,1.7,491.49,17.51
2022/4/26,4,18.29,8.92,8.44,5.76,0.15,0.07,1.71,490.7,22.73
2022/4/27,4,18.53,8.93,8.64,5.72,0.11,0.07,1.71,489.29,17.74
2022/4/28,4,18.66,8.92,8.62,5.67,0.11,0.07,1.77,487.93,18.67
2022/4/29,3,18.88,8.87,8.35,5.59,0.12,0.06,1.66,487.71,18.31
2022/4/30,5,20.16,9.07,8.43,5.44,0.06,0.07,1.72,483.93,43.51
2022/5/1,4,18.61,8.77,7.49,5.4,0.07,0.09,1.73,485.87,35.81
2022/5/2,4,16.94,8.46,8.28,5.02,0.1,0.07,1.63,492.97,36.45
2022/5/3,4,16.43,8.54,7.2,4.97,0.12,0.08,1.69,490.02,27.6
2022/5/4,3,17.65,8.92,8.26,4.89,0.04,0.09,1.69,485.86,20.26
2022/5/5,4,16.71,8.86,8.54,4.81,0.03,0.08,1.5,484.9,19.23
2022/5/6,4,17.81,8.96,8.34,4.71,0.03,0.08,1.53,483.21,21.08
2022/5/7,5,18.83,9.06,8.51,4.66,0.04,0.08,1.48,477.59,25.39
2022/5/8,5,18.56,9.03,8.63,4.61,0.1,0.07,1.53,476.9,23.39
2022/5/9,4,17.83,8.9,8.59,4.56,0.22,0.07,1.48,478.8,19.88
2022/5/10,5,19.44,9.09,8.73,4.58,0.13,0.07,1.53,474.72,45.98
2022/5/11,3,18.23,8.81,7.84,4.59,0.08,0.08,1.43,475.58,22.2
2022/5/12,4,19.41,9.03,9.23,5.51,0.03,0.08,1.53,471.27,34.2
2022/5/13,4,19.45,8.93,8.63,4.65,0.03,0.07,1.46,471.64,20.18
2022/5/14,3,19.53,8.87,8.14,6.81,0.03,0.07,1.4,469.23,20.69
2022/5/15,3,18.87,8.78,7.42,5.98,0.03,0.09,1.41,466.73,28.32
2022/5/16,3,18.76,8.69,6.83,5.4,0.03,0.09,1.4,466.71,26.35
2022/5/17,3,18.35,8.55,8.5,5.09,0.03,0.08,1.42,466.8,25.45
2022/5/18,3,18.12,8.59,6.78,5.29,0.03,0.08,1.42,468.29,24.61
2022/5/19,4,18.85,8.73,7.72,7.17,0.03,0.08,1.5,469.71,23.05
2022/5/20,3,18.93,8.93,8.2,5.68,0.04,0.08,1.56,469.62,26.3
2022/5/21,3,19.0,8.86,7.68,6.04,0.05,0.08,1.44,466.09,24.54
2022/5/22,4,18.95,8.92,7.82,6.32,0.05,0.08,1.43,461.87,22.46
2022/5/23,4,19.06,9.0,8.69,6.6,0.05,0.08,1.46,457.17,22.52
2022/5/24,4,19.86,8.98,8.52,7.68,0.09,0.08,1.48,457.76,21.52
2022/5/25,4,19.91,9.09,8.83,7.33,0.08,0.07,1.44,460.11,20.98
2022/5/26,4,20.48,9.03,8.44,7.12,0.06,0.07,1.46,454.65,18.59
2022/5/27,5,21.42,9.03,8.95,7.27,0.05,0.07,1.39,448.81,17.7
2022/5/28,3,20.56,8.78,7.1,7.67,0.07,0.07,1.35,452.76,16.44
2022/5/29,3,21.05,8.6,7.9,7.71,0.11,0.07,1.39,460.63,15.19
2022/5/30,3,21.31,8.61,6.64,7.95,0.1,0.08,1.49,467.89,15.14
2022/5/31,3,21.15,8.66,6.54,7.57,0.11,0.09,1.51,472.8,17.89
2022/6/1,4,21.49,8.8,7.38,7.19,0.11,0.09,1.46,473.45,20.07
2022/6/2,3,21.07,8.62,7.6,7.12,0.09,0.09,1.51,472.85,23.81
2022/6/3,3,21.29,8.63,6.42,7.07,0.06,0.09,1.47,470.03,24.58
2022/6/4,4,21.53,8.82,7.25,6.52,0.05,0.08,1.42,470.9,23.84
2022/6/5,5,21.66,8.82,9.05,6.13,0.05,0.09,1.36,464.79,22.47
2022/6/6,3,21.25,8.82,6.62,6.53,0.06,0.09,1.32,466.5,25.75
2022/6/7,4,22.41,9.0,8.33,5.89,0.06,0.07,1.35,461.45,41.33
2022/6/8,4,21.2,8.92,8.11,5.94,0.05,0.07,1.29,461.05,20.94
2022/6/9,4,21.22,8.97,8.26,5.9,0.05,0.07,1.25,459.57,20.15
2022/6/10,4,21.15,8.92,7.66,5.99,0.05,0.07,1.21,459.59,19.86
2022/6/11,4,21.31,8.9,7.35,5.95,0.06,0.07,1.15,458.6,20.17
2022/6/12,3,21.08,8.8,6.8,5.97,0.05,0.08,1.23,452.87,20.22
2022/6/13,4,21.18,8.95,7.39,6.42,0.04,0.08,1.26,446.7,21.84
2022/6/14,4,20.41,8.77,6.36,6.96,0.05,0.08,1.29,444.2,36.13
2022/6/15,5,21.24,9.08,8.52,5.36,0.06,0.07,1.24,450.81,24.34
2022/6/16,4,20.34,8.86,6.78,5.5,0.04,0.07,1.19,447.76,20.5
2022/6/17,4,20.37,8.94,7.02,5.5,0.04,0.07,1.2,445.69,23.86
2022/6/18,5,20.43,8.94,8.0,5.78,0.03,0.07,1.16,449.75,23.79
2022/6/19,5,20.84,8.96,8.85,6.07,0.03,0.06,1.15,456.71,24.59
2022/6/20,5,21.46,8.99,9.2,5.8,0.03,0.07,1.13,451.71,31.94
2022/6/21,5,21.34,9.0,8.22,6.36,0.03,0.07,1.13,449.42,22.44
2022/6/22,5,21.6,9.02,8.23,6.49,0.03,0.07,1.18,449.41,24.67
2022/6/23,5,21.56,8.95,8.03,6.08,0.03,0.07,1.19,447.49,24.62
2022/6/24,5,21.35,9.1,7.87,6.06,0.03,0.07,1.16,443.54,22.83
2022/6/25,5,21.14,9.08,7.83,6.36,0.03,0.07,1.12,439.45,21.57
2022/6/26,5,21.060000000000002,9.01,7.73,6.57,0.03,0.07,1.1,437.35,21.39
2022/6/27,4,20.98,9.04,7.41,6.28,0.03,0.07,1.13,439.39,22.86
2022/6/28,4,21.05,8.92,7.01,5.39,0.03,0.08,1.19,444.73,24.77
2022/6/29,3,21.16,8.98,7.62,6.03,0.03,0.07,1.15,446.57,24.98
2022/6/30,5,21.84,9.04,8.75,6.5,0.03,0.07,1.16,451.78,29.37
2022/7/1,5,21.68,9.05,8.23,5.92,0.03,0.06,1.22,451.17,21.95
2022/7/2,5,22.69,9.06,9.22,6.09,0.03,0.07,1.24,449.32,41.49
2022/7/3,5,22.8,9.07,9.2,5.68,0.03,0.06,1.18,442.9,23.73
2022/7/4,5,24.07,9.08,8.28,5.9,0.03,0.07,1.22,431.77,34.99
2022/7/5,5,22.94,9.09,8.42,5.36,0.03,0.06,1.19,436.15,28.03
2022/7/6,5,24.82,9.1,8.58,5.39,0.03,0.06,1.28,437.93,37.79
2022/7/7,5,23.86,9.11,8.74,5.82,0.03,0.06,1.26,435.28,69.87
2022/7/8,5,23.53,9.12,8.87,5.29,0.03,0.06,1.24,435.89,72.87
2022/7/9,4,22.78,8.97,8.785,5.53,0.03,0.07,1.25,439.74,23.06
2022/7/10,3,22.66,8.95,8.7,5.51,0.03,0.07,1.25,438.02,25.07
2022/7/11,3,23.36,8.98,6.85,6.39,0.04,0.07,1.56,436.9,25.15
2022/7/12,4,23.41,8.8,6.6,5.49,0.06,0.07,1.41,438.38,23.32
2022/7/13,3,23.23,8.67,8.28,5.42,0.06,0.07,1.36,439.59,23.91
2022/7/14,4,23.97,8.86,7.47,5.33,0.05,0.07,1.39,437.66,22.71
2022/7/15,4,24.86,8.86,7.61,5.23,0.05,0.07,1.37,439.41,38.36
2022/7/16,3,23.83,8.71,6.47,5.22,0.04,0.07,1.32,438.05,26.86
2022/7/17,3,23.63,8.6,7.34,5.15,0.04,0.07,1.35,437.63,25.8
2022/7/18,3,23.39,8.67,7.04,5.1,0.04,0.08,1.3,435.48,34.99
2022/7/19,3,23.14,8.67,6.74,5.01,0.05,0.08,1.35,437.5,27.14
2022/7/20,3,22.86,8.85,7.17,5.69,0.05,0.07,1.18,438.39,26.94
2022/7/21,4,22.78,8.84,6.93,5.03,0.04,0.07,1.32,444.63,28.53
2022/7/22,4,23.49,8.99,8.32,5.01,0.04,0.07,1.33,442.17,31.36
2022/7/23,4,23.67,9.05,8.66,4.87,0.04,0.07,1.32,439.21,29.59
2022/7/24,4,23.44,9.03,8.37,4.84,0.03,0.07,1.34,437.28,28.66
2022/7/25,5,23.27,9.05,8.53,4.81,0.03,0.07,1.38,436.44,33.32
2022/7/26,4,23.13,9.01,7.88,4.8,0.03,0.08,1.36,440.6,42.42
2022/7/27,3,22.99,8.91,6.81,5.92,0.03,0.09,1.35,440.31,82.55
2022/7/28,4,23.59,9.04,7.61,5.54,0.03,0.07,1.39,440.05,104.07
2022/7/29,5,26.13,8.96,7.77,5.95,0.03,0.08,1.4,430.54,26.55
2022/7/30,4,24.39,9.02,7.43,5.55,0.03,0.07,1.35,438.07,29.22
2022/7/31,4,23.81,8.91,6.75,5.36,0.03,0.07,1.32,438.74,22.1
2022/8/1,4,23.63,8.76,6.37,5.18,0.03,0.07,1.33,439.44,23.0
2022/8/2,3,23.39,8.72,7.78,5.18,0.03,0.06,1.33,439.32,22.63
2022/8/3,4,23.55,8.81,7.21,5.17,0.03,0.06,1.33,440.8,22.52
2022/8/4,3,23.03,8.5,7.42,5.17,0.03,0.07,1.35,439.82,23.01
2022/8/5,4,23.69,8.88,7.38,5.52,0.03,0.07,1.35,442.74,23.09
2022/8/6,4,23.38,8.99,7.64,5.68,0.03,0.07,1.38,445.31,25.29
2022/8/7,3,22.87,8.72,7.09,5.33,0.03,0.07,1.4,446.86,24.64
2022/8/8,3,22.82,8.58,6.97,5.27,0.03,0.07,1.42,448.41,25.25
2022/8/9,5,25.08,8.88,7.17,5.23,0.03,0.07,1.46,440.36,73.61
2022/8/10,4,24.02,8.82,8.66,5.16,0.03,0.06,1.38,440.68,62.92
2022/8/11,3,23.82,8.95,7.55,5.33,0.03,0.07,1.34,440.55,27.17
2022/8/12,3,23.56,8.85,6.85,5.11,0.03,0.08,1.39,440.2,31.72
2022/8/13,4,23.89,8.97,7.93,5.07,0.03,0.08,1.43,440.26,32.26
2022/8/14,5,25.28,8.91,7.55,5.05,0.03,0.07,1.48,431.09,6.79
2022/8/15,5,26.67,8.98,8.09,5.09,0.03,0.06,1.51,417.32,-8.99
2022/8/16,5,26.69,9.07,8.79,5.58,0.03,0.06,1.48,408.07,32.45
2022/8/17,5,25.15,8.92,9.06,5.4,0.03,0.06,1.41,413.11,104.85
2022/8/18,5,24.64,9.08,8.69,5.11,0.03,0.06,1.4,434.18,30.83
2022/8/19,3,23.77,8.56,9.1,5.09,0.03,0.06,1.42,443.25,26.44
2022/8/20,5,26.1,8.96,8.59,5.77,0.03,0.07,1.51,444.06,40.33
2022/8/21,5,24.63,8.895,7.8,5.64,0.03,0.07,1.41,437.94,25.72
2022/8/22,4,24.65,8.83,6.71,5.19,0.03,0.07,1.49,444.31,25.77
2022/8/23,4,25.22,8.89,7.44,6.61,0.03,0.07,1.5,443.92,60.02
2022/8/24,5,25.01,8.97,7.32,5.54,0.12,0.07,1.41,440.87,24.72
2022/8/25,3,24.49,8.6,8.8,7.21,0.07,0.08,1.45,445.88,22.46
2022/8/26,3,23.97,8.57,8.3,6.92,0.09,0.09,1.43,443.49,29.84
2022/8/27,3,23.44,8.44,7.57,7.16,0.18,0.08,1.42,444.9,89.78
2022/8/28,3,23.15,8.03,6.95,7.06,0.16,0.08,1.4,449.21,29.58
2022/8/29,3,23.16,8.25,6.56,7.03,0.12,0.09,1.42,449.5,30.9
2022/8/30,4,23.1,8.35,6.85,6.97,0.14,0.08,1.46,450.69,29.5
2022/8/31,4,23.17,8.33,7.08,6.82,0.17,0.08,1.44,452.48,29.02
2022/9/1,3,22.47,8.22,6.72,6.85,0.1,0.08,1.43,449.56,30.2
2022/9/2,3,22.32,8.42,6.33,6.6,0.17,0.08,1.5,452.51,25.77
2022/9/3,3,22.22,8.1,7.41,6.64,0.18,0.07,1.47,451.01,26.12
2022/9/4,4,21.43,8.26,6.55,6.65,0.12,0.08,1.46,452.01,38.04
2022/9/5,4,21.2,8.0,7.15,6.68,0.07,0.09,1.41,450.86,31.58
2022/9/6,4,20.98,9.0,8.54,6.51,0.03,0.08,1.33,448.23,31.77
2022/9/7,5,21.79,8.29,7.08,6.78,0.03,0.08,1.32,444.05,41.86
2022/9/8,5,21.23,8.38,7.47,6.6,0.03,0.08,1.31,441.74,35.62
2022/9/9,4,21.31,8.5,7.76,6.57,0.03,0.08,1.28,443.53,51.0
2022/9/10,5,21.15,8.41,8.52,6.42,0.03,0.08,1.28,443.02,32.64
2022/9/11,4,21.12,8.66,8.11,7.03,0.03,0.08,1.32,443.55,34.79
2022/9/12,4,21.22,9.0,8.0,6.96,0.03,0.08,1.27,444.75,33.73
2022/9/13,4,22.16,8.8,8.25,7.05,0.03,0.08,1.29,444.13,32.53
2022/9/14,4,21.51,8.94,8.11,6.64,0.03,0.07,1.28,439.33,34.3
2022/9/15,4,21.0,8.84,6.88,6.6,0.03,0.07,1.23,441.99,30.35
2022/9/16,4,21.05,8.7,6.74,6.95,0.03,0.07,1.24,442.28,31.1
2022/9/17,4,21.58,8.59,6.62,6.8,0.03,0.07,1.25,444.17,32.37
2022/9/18,4,21.87,8.89,8.66,7.06,0.03,0.07,1.31,443.61,36.45
2022/9/19,5,22.19,8.79,7.94,6.7,0.03,0.07,1.29,442.84,30.07
2022/9/20,4,22.2,8.67,7.2,6.73,0.05,0.07,1.29,446.89,27.24
2022/9/21,4,21.85,8.5,7.66,6.62,0.09,0.06,1.39,449.89,24.61
2022/9/22,3,21.5,8.35,7.39,6.09,0.14,0.07,1.52,453.43,22.31
2022/9/23,3,21.25,8.26,7.06,5.92,0.16,0.08,1.33,454.02,21.6
2022/9/24,3,20.89,8.05,6.8,5.87,0.18,0.08,1.36,455.22,20.71
2022/9/25,3,20.84,8.2,6.59,5.96,0.15,0.07,1.38,454.31,24.71
2022/9/26,3,20.85,8.25,6.4,5.99,0.13,0.07,1.56,454.29,24.9
2022/9/27,3,21.46,8.43,7.77,6.09,0.11,0.07,1.57,451.98,25.99
2022/9/28,3,21.37,8.57,8.3,5.99,0.07,0.06,1.51,450.01,24.0
2022/9/29,3,20.78,8.4,7.23,5.92,0.09,0.07,1.49,452.41,24.18
2022/9/30,3,20.55,8.39,7.42,5.97,0.09,0.07,1.49,452.51,25.79
2022/10/1,3,21.0,8.48,7.71,6.11,0.07,0.06,1.48,455.77,27.27
2022/10/2,3,20.64,8.32,6.7,5.97,0.09,0.07,1.52,454.28,26.09
2022/10/3,3,20.6,8.22,6.47,5.9,0.12,0.07,1.57,454.23,23.9
2022/10/4,3,20.78,8.29,6.91,5.75,0.1,0.07,1.57,453.23,23.82
2022/10/5,3,20.59,8.2,6.81,5.87,0.12,0.06,1.57,454.39,22.44
2022/10/6,3,20.55,8.23,6.59,5.68,0.1,0.07,1.56,455.15,23.73
2022/10/7,3,20.41,8.22,6.48,5.76,0.18,0.07,1.57,456.31,22.43
2022/10/8,3,20.12,8.22,6.51,5.61,0.12,0.08,1.56,457.95,23.83
2022/10/9,4,19.63,8.08,6.9,5.64,0.14,0.09,1.59,458.44,31.24
2022/10/10,4,18.46,8.25,6.7,5.95,0.17,0.09,1.61,460.28,28.48
2022/10/11,3,17.89,8.2,6.59,5.93,0.19,0.08,1.64,459.79,25.24
2022/10/12,3,17.58,8.15,6.47,5.65,0.22,0.07,1.66,459.06,20.37
2022/10/13,3,17.74,8.0,6.77,5.7,0.24,0.07,1.69,458.17,20.09
2022/10/14,3,17.68,8.07,6.85,5.8,0.26,0.07,1.71,459.34,21.38
2022/10/15,3,17.22,8.22,7.29,5.83,0.28,0.08,1.73,460.95,23.1
2022/10/16,3,16.79,8.19,7.39,5.77,0.3,0.07,1.75,460.86,23.6
2022/10/17,3,16.29,8.23,7.83,5.73,0.32,0.08,1.77,460.84,26.53
2022/10/18,4,15.74,8.21,7.99,6.11,0.22,0.09,1.79,461.53,30.71
2022/10/19,3,16.38,8.42,7.625,6.06,0.23,0.08,1.71,460.05,25.55
2022/10/20,3,16.98,8.53,7.26,5.72,0.22,0.07,1.79,459.69,28.39
2022/10/21,4,17.94,8.76,7.64,6.93,0.21,0.06,1.77,454.1,36.77
2022/10/22,4,17.93,8.83,8.13,6.38,0.18,0.05,1.53,446.62,36.89
2022/10/23,4,17.92,8.78,8.6,6.39,0.17,0.05,1.49,446.21,38.82
2022/10/24,3,17.69,8.71,9.03,6.52,0.17,0.05,1.5,446.4,37.42
2022/10/25,3,17.2,8.44,8.58,5.96,0.22,0.05,1.56,453.76,20.45
2022/10/26,3,17.08,8.31,7.67,5.99,0.24,0.06,1.66,457.03,21.44
2022/10/27,3,17.32,8.43,8.16,5.94,0.22,0.06,1.53,454.55,24.37
2022/10/28,3,17.54,8.49,8.48,5.59,0.21,0.06,1.56,453.47,24.12
2022/10/29,3,17.36,8.5,8.32,5.85,0.2,0.06,1.56,454.2,24.91
2022/10/30,3,18.34,8.59,8.85,6.78,0.2,0.06,1.57,455.31,27.12
2022/10/31,3,17.94,8.57,8.68,6.57,0.2,0.06,1.58,456.22,23.11
2022/11/1,3,18.37,8.59,9.44,6.61,0.22,0.08,1.56,458.43,22.59
2022/11/2,3,17.92,8.52,8.39,6.39,0.21,0.07,1.57,459.41,28.76
2022/11/3,3,18.02,8.75,9.02,6.4,0.17,0.07,1.49,456.86,26.6
2022/11/4,3,17.71,8.6,8.62,6.24,0.17,0.07,1.38,456.6,23.88
2022/11/5,3,17.5,8.51,8.09,6.07,0.21,0.06,1.48,457.79,22.42
2022/11/6,3,17.62,8.47,8.03,6.09,0.21,0.06,1.46,457.06,20.52
2022/11/7,3,17.51,8.44,7.81,6.15,0.19,0.06,1.51,456.31,20.87
2022/11/8,3,17.21,8.49,7.75,6.21,0.17,0.07,1.44,456.79,21.45
2022/11/9,3,16.78,8.5,7.47,6.29,0.19,0.07,1.45,457.02,19.6
2022/11/10,3,17.13,8.44,7.48,6.27,0.21,0.06,1.45,457.02,19.33
2022/11/11,3,16.91,8.35,7.23,6.16,0.23,0.06,1.47,456.62,16.22
2022/11/12,3,16.78,8.3,7.07,5.99,0.23,0.06,1.46,456.08,15.16
2022/11/13,3,16.35,8.22,6.71,6.03,0.2,0.06,1.48,456.43,14.6
2022/11/14,3,16.64,8.25,6.83,6.1,0.21,0.06,1.43,456.11,14.54
2022/11/15,3,16.72,8.13,6.48,6.11,0.21,0.06,1.46,457.43,12.64
2022/11/16,3,16.4,8.03,6.47,5.97,0.22,0.06,1.51,456.14,13.37
2022/11/17,3,16.17,8.02,6.61,6.02,0.23,0.06,1.52,456.06,14.21
2022/11/18,3,16.33,8.09,6.76,6.13,0.24,0.06,1.46,459.03,13.49
2022/11/19,3,16.62,8.16,7.09,6.22,0.25,0.06,1.5,459.36,12.47
2022/11/20,3,16.25,8.07,6.74,6.2,0.26,0.06,1.48,459.85,12.58
2022/11/21,3,16.8,8.1,6.96,6.19,0.27,0.06,1.49,460.8,13.31
2022/11/22,3,16.74,8.08,7.0,6.22,0.27,0.06,1.57,459.2,12.59
2022/11/23,3,16.48,8.1,7.0,6.28,0.28,0.06,1.53,459.6,12.71
2022/11/24,3,16.37,8.15,7.22,6.36,0.28,0.06,1.54,460.04,14.14
2022/11/25,3,16.96,8.2,7.43,6.41,0.28,0.06,1.54,461.07,13.73
2022/11/26,3,16.66,8.23,7.21,6.19,0.22,0.06,1.51,463.18,13.32
2022/11/27,3,16.24,8.19,7.07,5.29,0.16,0.06,1.53,462.36,15.41
2022/11/28,3,16.12,8.11,7.05,5.31,0.15,0.06,1.55,462.02,14.59
2022/11/29,3,16.01,8.03,7.02,6.0,0.16,0.06,1.58,461.34,13.78
2022/11/30,3,15.97,8.04,7.21,5.26,0.16,0.06,1.57,462.16,12.76
2022/12/1,3,15.61,8.06,7.26,5.34,0.14,0.06,1.57,460.66,14.02
2022/12/2,3,15.57,8.1,7.42,5.46,0.23,0.06,1.54,461.82,14.37
2022/12/3,3,15.38,8.13,7.44,5.54,0.23,0.06,1.53,463.41,15.21
2022/12/4,3,15.15,8.18,7.46,5.65,0.23,0.06,1.56,467.85,16.26
2022/12/5,3,14.87,8.19,7.49,6.17,0.24,0.06,1.58,473.36,17.5
2022/12/6,3,14.61,8.13,7.38,6.1,0.26,0.06,1.54,473.09,16.58
2022/12/7,3,14.48,8.16,7.55,6.21,0.27,0.07,1.56,471.77,17.91
2022/12/8,3,14.54,8.22,7.69,6.2,0.28,0.07,1.53,472.57,17.75
2022/12/9,3,14.36,8.27,7.86,6.21,0.29,0.06,1.5,471.39,17.68
2022/12/10,3,14.1,8.39,8.09,5.94,0.31,0.06,1.49,470.76,17.21
2022/12/11,3,13.84,8.34,7.81,5.9,0.35,0.06,1.47,468.12,15.88
2022/12/12,3,13.48,8.29,7.74,5.96,0.34,0.06,1.51,468.18,16.23
2022/12/13,3,13.23,8.24,7.67,6.0,0.36,0.06,1.5,470.44,17.34
2022/12/14,3,13.01,8.2,7.66,6.14,0.36,0.06,1.12,469.14,16.5
2022/12/15,3,12.59,8.3,7.75,6.02,0.37,0.06,1.2,470.52,17.68
2022/12/16,3,12.78,8.21,7.84,5.96,0.37,0.06,1.12,472.3,17.22
2022/12/17,3,12.01,8.08,7.61,6.35,0.36,0.08,1.34,470.75,32.84
2022/12/18,3,11.06,8.23,7.56,5.84,0.36,0.07,1.27,470.81,19.41
2022/12/19,3,10.99,8.01,7.63,5.88,0.36,0.07,1.25,469.92,17.73
2022/12/20,3,10.84,8.05,7.98,5.99,0.37,0.07,1.29,465.97,16.78
2022/12/21,3,10.52,8.18,7.9,5.99,0.37,0.08,1.19,472.74,22.22
2022/12/22,3,10.4,8.14,7.92,5.85,0.37,0.07,1.15,474.11,16.47
2022/12/23,3,10.52,8.03,8.1,6.03,0.38,0.07,1.25,473.34,17.32
2022/12/24,3,10.78,8.11,8.32,5.96,0.38,0.06,1.33,470.83,16.42
2022/12/25,4,10.72,8.15,8.34,5.98,0.38,0.06,1.34,471.0,15.54
2022/12/26,3,10.88,8.18,8.56,6.06,0.37,0.06,1.32,471.91,17.03
2022/12/27,3,10.77,8.2,8.66,6.08,0.37,0.06,1.34,466.67,16.8
2022/12/28,3,10.69,8.15,8.38,6.08,0.37,0.06,1.47,468.54,17.1
2022/12/29,3,10.48,8.1,8.23,5.99,0.37,0.05,1.46,470.35,13.23
2022/12/30,3,10.31,8.04,8.05,5.96,0.37,0.05,1.4,474.65,12.98
2022/12/31,2,10.16,8.08,7.72,5.81,0.37,0.05,1.39,474.8,10.16
2023/1/1,3,9.97,8.05,8.07,5.89,0.38,0.05,1.19,476.19,11.88
2023/1/2,3,10.01,8.22,8.68,6.13,0.35,0.05,1.36,474.6,13.66
2023/1/3,3,9.91,8.19,8.56,7.05,0.37,0.05,1.35,473.19,12.98
2023/1/4,3,9.96,8.21,8.72,6.5,0.36,0.05,1.36,474.82,13.13
2023/1/5,3,10.87,8.24,8.8,6.06,0.36,0.05,1.38,479.27,13.11
2023/1/6,3,10.52,8.25,8.71,6.26,0.37,0.05,1.43,481.08,13.72
2023/1/7,3,10.92,8.24,8.67,6.2,0.38,0.05,1.39,483.19,12.07
2023/1/8,3,10.96,8.26,8.78,6.15,0.38,0.04,1.39,484.02,11.85
2023/1/9,3,10.89,8.27,8.84,6.12,0.39,0.05,1.34,481.81,11.72
2023/1/10,3,11.2,8.32,8.92,6.46,0.37,0.05,1.39,484.62,12.99
2023/1/11,3,11.03,8.29,8.63,6.39,0.38,0.05,1.45,480.68,12.25
2023/1/12,3,10.79,8.21,8.35,6.14,0.38,0.05,1.5,480.82,11.12
2023/1/13,3,10.87,8.18,8.27,6.17,0.38,0.04,1.5,477.98,9.92
2023/1/14,3,11.12,8.11,8.03,5.96,0.39,0.04,1.56,482.03,9.09
2023/1/15,3,11.12,8.12,8.02,5.98,0.39,0.05,1.56,482.24,8.5
2023/1/16,3,10.92,8.11,7.93,5.97,0.4,0.05,1.46,479.07,14.61
2023/1/17,2,10.84,8.2,7.88,5.84,0.41,0.04,1.48,480.06,9.21
2023/1/18,2,10.66,8.01,7.85,5.78,0.41,0.05,1.5,482.38,9.31
2023/1/19,3,10.72,8.03,7.83,5.87,0.42,0.04,1.54,485.22,7.98
2023/1/20,2,10.7,8.14,7.85,5.72,0.43,0.05,1.59,480.85,7.02
2023/1/21,2,10.86,8.11,7.69,5.39,0.44,0.05,1.73,482.99,6.42
2023/1/22,2,11.06,8.07,7.62,5.55,0.45,0.04,1.65,487.89,5.98
2023/1/23,2,11.27,8.04,7.59,5.5,0.46,0.04,1.68,488.13,4.92
2023/1/24,3,10.72,8.01,7.52,5.72,0.47,0.05,1.73,492.06,14.71
2023/1/25,2,10.51,8.07,7.25,5.46,0.48,0.05,1.76,508.82,7.94
2023/1/26,3,10.69,8.05,7.35,5.41,0.49,0.05,1.79,508.93,7.04
2023/1/27,3,10.38,8.04,7.6,5.8,0.5,0.06,1.84,507.58,16.34
2023/1/28,3,9.66,8.02,7.25,5.41,0.52,0.06,1.56,511.32,8.85
2023/1/29,3,9.88,8.0,7.28,5.33,0.53,0.05,1.58,512.51,5.88
2023/1/30,2,10.37,7.98,7.36,5.29,0.55,0.05,1.84,513.02,4.82
2023/1/31,2,10.48,7.96,7.56,5.3,0.56,0.05,1.82,512.95,3.94
2023/2/1,2,10.55,7.93,7.57,5.39,0.57,0.05,1.7,512.3,4.94
2023/2/2,2,10.88,7.91,7.48,5.49,0.58,0.05,1.7,510.54,5.17
2023/2/3,2,11.29,7.88,7.34,5.51,0.59,0.05,1.74,510.36,3.45
2023/2/4,2,11.64,7.85,7.55,5.56,0.6,0.05,1.71,511.29,3.46
2023/2/5,2,11.9,7.83,7.86,5.57,0.6,0.04,1.67,512.78,4.5
2023/2/6,2,12.05,7.81,7.85,5.48,0.6,0.04,1.67,514.65,4.78
2023/2/7,2,12.07,7.8,7.58,5.34,0.6,0.04,1.71,516.04,4.27
2023/2/8,2,12.05,7.78,7.47,5.32,0.6,0.04,1.67,515.1,3.96
2023/2/9,2,12.2,7.77,7.42,5.31,0.6,0.04,1.68,516.14,3.57
2023/2/10,2,12.3,7.77,7.38,5.44,0.6,0.04,1.69,516.95,3.49
2023/2/11,2,12.2,7.77,7.76,5.54,0.59,0.04,1.68,514.98,4.07
2023/2/12,2,12.32,8.0,7.95,5.56,0.58,0.04,1.67,515.63,4.16
2023/2/13,2,12.67,8.02,8.02,5.63,0.57,0.04,1.67,516.4,3.87
2023/2/14,2,12.77,7.81,7.68,5.59,0.56,0.04,1.67,516.91,5.14
2023/2/15,2,12.94,7.82,7.76,5.63,0.56,0.04,1.66,516.88,4.61
2023/2/16,2,12.92,7.84,7.69,5.55,0.56,0.04,1.66,517.36,4.33
2023/2/17,2,13.1,7.85,7.75,5.63,0.56,0.04,1.74,518.62,4.77
2023/2/18,2,13.36,8.03,7.88,5.62,0.56,0.04,1.74,518.02,4.35
2023/2/19,3,13.5,7.89,7.64,5.7,0.56,0.04,1.68,517.79,6.1
2023/2/20,2,13.56,7.91,7.47,5.59,0.56,0.05,1.67,518.75,5.57
2023/2/21,3,13.57,7.93,7.42,5.55,0.56,0.05,1.74,518.57,5.3
2023/2/22,3,13.39,7.94,7.43,5.46,0.56,0.04,1.68,517.51,4.65
2023/2/23,2,13.45,8.04,7.51,5.47,0.56,0.05,1.69,518.45,5.48
2023/2/24,3,13.62,8.08,7.49,5.64,0.57,0.06,1.7,519.53,9.31
2023/2/25,3,13.25,8.03,7.23,5.73,0.59,0.06,1.56,518.52,8.32
2023/2/26,3,12.75,8.02,7.25,5.67,0.6,0.05,1.69,520.24,6.31
2023/2/27,3,12.37,7.99,7.15,5.6,0.61,0.05,1.69,518.17,6.53
2023/2/28,3,12.33,8.0,7.13,5.55,0.62,0.05,1.72,518.46,6.58
2023/3/1,3,13.16,8.0,7.24,5.62,0.63,0.05,1.71,520.6,5.61
2023/3/2,3,13.0,8.0,7.18,5.61,0.64,0.05,1.9,516.95,6.93
2023/3/3,3,13.27,8.0,7.44,5.86,0.64,0.06,1.73,516.46,10.92
2023/3/4,3,13.39,8.01,7.46,5.91,0.65,0.06,1.75,515.99,10.78
2023/3/5,3,13.57,8.01,7.39,5.69,0.66,0.05,1.75,515.25,8.68
2023/3/6,3,13.35,8.01,7.37,5.68,0.67,0.05,1.75,518.57,10.24
2023/3/7,3,13.83,8.18,8.16,5.84,0.66,0.05,1.75,516.8,18.01
2023/3/8,3,14.69,8.4,9.27,6.07,0.65,0.05,1.75,511.84,27.19
2023/3/9,3,15.16,8.51,7.73,6.3,0.63,0.05,1.8,509.56,31.24
2023/3/10,3,14.95,8.46,7.91,6.44,0.62,0.06,1.82,513.63,24.28
2023/3/11,3,15.16,8.46,9.26,6.49,0.61,0.06,1.86,517.87,11.15
2023/3/12,3,15.13,8.5,8.27,6.82,0.59,0.07,1.88,515.83,19.96
2023/3/13,3,15.25,8.51,9.01,7.09,0.57,0.09,1.9,518.0,36.49
2023/3/14,3,14.73,8.47,8.49,6.95,0.55,0.07,1.88,517.66,16.46
2023/3/15,3,15.07,8.56,8.67,7.05,0.54,0.07,1.87,517.65,12.86
2023/3/16,3,15.05,8.54,8.91,7.14,0.53,0.08,1.87,517.87,16.38
2023/3/17,3,14.99,8.57,9.26,7.15,0.52,0.07,1.87,515.88,14.52
2023/3/18,3,15.14,8.56,9.12,7.24,0.52,0.07,1.88,512.43,14.86
2023/3/19,3,15.28,8.55,9.22,7.35,0.51,0.07,1.89,509.07,14.48
2023/3/20,3,15.29,8.54,9.07,7.43,0.51,0.07,1.74,506.88,17.94
2023/3/21,3,15.3,8.5,8.43,7.3,0.52,0.07,1.71,509.19,17.53
2023/3/22,3,15.22,8.49,8.2,7.16,0.53,0.07,1.74,511.27,14.88
2023/3/23,3,15.22,8.51,8.34,7.16,0.53,0.07,1.67,509.15,14.36
2023/3/24,3,15.35,8.44,7.9,7.0,0.53,0.06,1.68,512.28,13.92
2023/3/25,3,15.82,8.63,8.05,7.46,0.52,0.07,1.75,504.86,13.02
2023/3/26,3,15.83,8.5,8.2,6.8,0.52,0.05,1.71,513.5,15.85
2023/3/27,3,16.1,8.42,7.61,6.54,0.51,0.05,1.71,520.21,22.16
2023/3/28,3,16.15,8.3,6.83,6.26,0.51,0.05,1.71,522.82,34.58
2023/3/29,3,16.24,8.26,6.59,6.69,0.51,0.05,1.7,522.19,24.19
2023/3/30,3,16.26,8.25,6.6,6.66,0.5,0.05,1.71,522.32,8.8
2023/3/31,3,16.12,8.19,6.41,5.43,0.51,0.05,1.71,525.4,9.2
2023/4/1,3,16.19,8.18,6.42,5.34,0.51,0.05,1.73,524.89,8.35
2023/4/2,3,16.27,8.15,6.43,5.42,0.51,0.05,1.74,523.67,10.93
2023/4/3,3,16.2,8.2,6.77,6.28,0.5,0.06,1.7,522.21,11.99
2023/4/4,3,16.02,8.08,6.82,5.41,0.5,0.05,1.71,525.27,10.31
2023/4/5,3,16.4,8.1,6.86,5.45,0.5,0.05,1.7,526.1,9.51
2023/4/6,2,16.78,8.12,6.87,5.59,0.51,0.05,1.68,528.43,9.09
2023/4/7,3,17.06,8.16,7.03,5.32,0.51,0.05,1.71,529.62,8.91
2023/4/8,2,17.33,8.2,7.35,5.51,0.51,0.05,1.71,527.31,9.41
2023/4/9,3,17.45,8.18,7.33,5.5,0.5,0.05,1.72,525.13,10.36
2023/4/10,3,17.65,8.16,7.29,5.47,0.49,0.05,1.73,523.24,10.87
2023/4/11,3,17.79,8.16,7.45,5.62,0.48,0.05,1.73,524.97,10.32
2023/4/12,3,18.07,8.15,7.67,5.76,0.47,0.05,1.71,525.28,9.57
2023/4/13,3,18.12,8.16,7.47,5.86,0.46,0.05,1.74,523.73,11.13
2023/4/14,2,18.65,8.22,7.88,5.71,0.46,0.04,1.71,523.33,29.96
2023/4/15,3,18.88,8.26,7.9,5.77,0.45,0.04,1.72,523.53,18.28
2023/4/16,2,19.08,8.27,7.68,5.73,0.35,0.04,1.67,525.36,9.32
2023/4/17,3,18.77,8.25,7.22,5.81,0.43,0.05,1.72,525.68,12.15
2023/4/18,3,19.04,8.27,7.09,6.25,0.19,0.06,1.55,534.34,13.33
2023/4/19,3,20.0,8.38,7.68,5.98,0.17,0.05,1.54,534.0,13.52
2023/4/20,3,19.5,8.35,7.39,5.83,0.18,0.05,1.53,534.31,10.25
2023/4/21,3,19.31,8.33,7.2,5.83,0.18,0.05,1.53,534.5,13.8
2023/4/22,3,19.29,8.38,7.25,5.8,0.17,0.05,1.52,534.52,12.71
2023/4/23,3,19.15,8.4,7.22,5.78,0.15,0.05,1.47,533.87,14.37
2023/4/24,3,19.19,8.41,7.27,5.83,0.14,0.05,1.48,534.19,16.07
2023/4/25,3,19.31,8.54,7.96,5.81,0.1,0.04,1.45,529.8,16.38
2023/4/26,3,19.11,8.48,7.56,5.89,0.15,0.05,1.43,527.67,31.61
2023/4/27,3,18.76,8.45,7.36,5.87,0.23,0.06,1.49,526.43,14.9
2023/4/28,3,18.88,8.42,7.21,5.97,0.19,0.06,1.45,525.3,14.55
2023/4/29,3,18.9,8.41,7.16,5.98,0.19,0.07,1.42,522.7,15.5
2023/4/30,3,18.76,8.39,7.16,5.84,0.21,0.06,1.44,516.5,14.74
2023/5/1,3,18.67,8.44,7.42,5.86,0.18,0.06,1.45,513.78,14.33
2023/5/2,3,18.67,8.43,7.31,6.09,0.18,0.06,1.46,517.36,15.81
2023/5/3,3,18.8,8.42,7.15,6.95,0.14,0.08,1.39,523.4,17.94
2023/5/4,3,18.85,8.45,7.23,6.36,0.17,0.07,1.43,519.46,19.14
2023/5/5,3,19.15,8.45,7.29,6.36,0.19,0.06,1.42,522.28,18.26
2023/5/6,4,19.4,8.45,7.16,6.51,0.28,0.07,1.41,543.06,22.67
2023/5/7,5,19.96,8.53,7.67,6.56,0.67,0.06,1.39,570.68,20.66
2023/5/8,4,20.42,8.49,7.57,7.28,0.8,0.06,1.38,564.51,30.7
2023/5/9,4,20.16,8.54,7.42,7.26,-0.07,0.06,1.39,539.79,30.81
2023/5/10,3,20.07,8.64,7.65,6.8,0.06,0.06,1.38,521.65,23.38
2023/5/11,3,20.6,8.63,7.95,6.63,0.07,0.06,1.3,523.78,19.47
2023/5/12,3,19.84,8.43,7.1,6.63,0.11,0.06,1.29,526.69,19.19
2023/5/13,3,19.15,8.39,7.13,6.63,0.11,0.06,1.3,524.3,20.32
2023/5/14,3,19.52,8.49,8.09,6.72,0.11,0.06,1.34,522.66,57.21
2023/5/15,3,18.8,8.36,7.0,6.58,0.15,0.06,1.3,524.01,57.61
2023/5/16,3,18.64,8.56,7.49,6.4,0.08,0.06,1.25,523.96,21.44
2023/5/17,3,19.17,8.6,7.96,6.56,0.04,0.07,1.26,522.31,30.37
2023/5/18,3,20.89,8.8,7.73,6.4,0.03,0.06,1.27,518.06,32.38
2023/5/19,3,20.65,8.68,7.87,6.51,0.03,0.06,1.23,512.5,41.51
2023/5/20,3,20.19,8.54,8.23,6.58,0.03,0.08,1.18,511.03,23.49
2023/5/21,3,20.58,8.52,7.99,6.8,0.03,0.07,1.17,506.84,27.91
2023/5/22,3,21.09,8.56,8.14,6.9,0.03,0.08,1.17,503.97,39.51
2023/5/23,3,20.82,8.57,7.99,6.93,0.03,0.07,1.15,499.72,57.33
2023/5/24,4,21.3,8.69,8.27,7.11,0.03,0.07,1.16,499.59,90.82
2023/5/25,3,20.91,8.78,8.47,7.09,0.03,0.07,1.13,498.63,28.06
2023/5/26,3,20.7,8.74,7.99,7.23,0.04,0.08,1.12,498.01,29.14
2023/5/27,3,20.85,8.74,8.14,7.41,0.03,0.09,1.1,493.41,30.01
2023/5/28,3,21.29,8.77,8.6,7.44,0.03,0.08,1.09,488.9,29.61
2023/5/29,3,21.56,8.73,8.45,7.48,0.03,0.08,1.08,485.26,31.63
2023/5/30,3,22.25,8.74,8.78,7.36,0.04,0.07,1.08,483.37,32.82
2023/5/31,3,22.4,8.68,8.39,7.41,0.03,0.06,1.07,483.03,25.06
2023/6/1,4,23.01,8.7,7.59,7.57,0.03,0.07,1.06,482.23,31.28
2023/6/2,3,22.84,8.68,7.53,7.67,0.03,0.07,1.03,480.23,29.21
2023/6/3,3,22.76,8.66,6.78,7.38,0.03,0.08,1.05,483.37,30.92
2023/6/4,3,22.57,8.75,6.97,7.48,0.03,0.08,1.06,487.95,31.66
2023/6/5,4,23.43,8.8,7.56,7.57,0.03,0.08,1.07,487.98,31.07
2023/6/6,4,22.33,8.44,7.71,7.67,0.03,0.08,1.11,485.74,37.73
2023/6/7,4,22.61,8.54,6.97,7.76,0.03,0.08,1.11,484.72,35.51
2023/6/8,4,22.64,8.56,6.83,7.82,0.03,0.09,1.1,482.29,31.34
2023/6/9,4,21.95,8.49,6.74,7.93,0.03,0.09,1.13,481.3,48.02
2023/6/10,4,21.11,8.19,7.13,8.02,0.03,0.09,1.1,479.34,44.85
2023/6/11,4,21.15,8.36,6.85,8.1,0.03,0.09,1.12,475.5,38.91
2023/6/12,4,20.93,8.25,6.75,8.15,0.03,0.09,1.1,478.55,32.35
2023/6/13,4,21.12,8.41,6.53,8.18,0.03,0.1,1.16,480.46,33.93
2023/6/14,4,20.81,8.35,6.38,8.2,0.03,0.1,1.14,479.13,30.6
2023/6/15,3,20.92,8.29,6.37,8.21,0.03,0.1,1.1,481.59,32.21
2023/6/16,4,21.15,8.37,6.66,8.2,0.03,0.1,1.11,478.3,34.36
2023/6/17,4,21.39,8.489999999999998,7.08,8.21,0.03,0.1,1.14,476.39,38.13
2023/6/18,4,21.68,8.61,7.58,8.22,0.03,0.1,1.09,479.91,38.05
2023/6/19,5,22.09,8.75,7.99,8.22,0.03,0.1,1.06,488.64,68.29
2023/6/20,5,22.03,8.86,7.63,8.25,0.03,0.1,1.0,485.86,34.88
2023/6/21,4,21.89,8.75,7.22,8.22,0.03,0.1,1.08,479.36,40.52
2023/6/22,4,22.09,8.85,7.62,8.22,0.03,0.1,1.08,477.55,40.36
2023/6/23,4,21.9,8.81,7.3,8.25,0.03,0.1,1.09,476.76,45.66
2023/6/24,5,22.32,8.86,7.94,8.34,0.03,0.11,1.13,474.68,49.39
2023/6/25,5,23.29,9.05,7.44,8.42,0.03,0.11,1.11,475.39,39.37
2023/6/26,5,24.58,8.74,7.91,8.53,0.03,0.11,1.08,452.6,42.43
2023/6/27,5,23.74,8.77,8.23,8.59,0.03,0.08,0.99,426.55,33.13
2023/6/28,3,22.51,8.74,7.06,8.62,0.03,0.1,1.07,472.48,34.5
2023/6/29,4,22.48,8.54,6.44,8.65,0.03,0.1,1.05,476.52,40.93
2023/6/30,4,22.86,8.55,6.84,8.67,0.03,0.1,1.01,478.16,41.86
2023/7/1,4,23.15,8.6,7.08,8.69,0.03,0.1,1.04,479.7,39.61
2023/7/2,4,23.27,8.58,6.85,8.69,0.03,0.1,1.04,480.97,39.9
2023/7/3,4,23.42,8.59,6.77,8.71,0.03,0.11,1.03,482.44,42.73
2023/7/4,4,23.33,8.62,6.59,8.73,0.03,0.11,1.05,484.79,45.64
2023/7/5,4,23.2,8.71,6.66,8.75,0.03,0.11,1.26,489.38,45.26
2023/7/6,4,22.74,8.69,6.37,8.74,0.03,0.11,1.22,484.23,48.28
2023/7/7,4,22.47,8.7,7.43,8.78,0.03,0.11,1.26,481.81,56.4
2023/7/8,4,22.28,8.69,6.51,8.81,0.03,0.11,1.3,483.11,57.21
2023/7/9,4,22.14,8.58,6.39,8.87,0.03,0.12,1.25,487.35,57.16
2023/7/10,4,21.78,8.47,6.57,8.94,0.03,0.12,1.28,490.58,54.37
2023/7/11,4,21.45,8.51,6.55,9.01,0.03,0.12,1.31,488.43,54.24
2023/7/12,4,21.29,8.38,6.5,9.06,0.03,0.13,1.32,487.99,50.22
2023/7/13,4,21.31,8.29,6.43,9.07,0.03,0.13,1.34,486.82,45.7
2023/7/14,4,21.76,8.39,7.48,9.07,0.03,0.13,1.29,488.66,41.21
2023/7/15,4,21.89,8.41,7.11,9.1,0.03,0.13,1.27,487.51,55.1
2023/7/16,4,21.96,8.42,6.93,9.12,0.03,0.14,1.27,488.06,56.33
2023/7/17,4,22.42,8.56,7.64,9.08,0.03,0.14,1.29,490.71,50.69
2023/7/18,4,22.33,8.7,7.59,9.06,0.04,0.14,1.31,500.23,60.33
2023/7/19,4,21.72,8.53,6.49,9.08,0.05,0.14,1.33,499.54,87.65
2023/7/20,4,21.41,8.5,6.7,9.05,0.05,0.14,1.37,496.35,63.65
2023/7/21,5,22.29,8.73,7.44,8.98,0.03,0.14,1.36,495.69,49.57
2023/7/22,5,22.11,8.6,6.99,8.89,0.03,0.14,1.3,495.67,40.82
2023/7/23,4,21.81,8.52,6.72,8.78,0.03,0.14,1.3,496.62,41.93
2023/7/24,4,21.83,8.68,7.5,7.68,0.03,0.13,1.23,494.45,37.52
2023/7/25,5,22.34,8.92,8.26,7.36,0.03,0.13,1.21,495.03,32.36
2023/7/26,4,22.63,8.96,8.43,7.3,0.03,0.09,1.14,493.58,34.16
2023/7/27,4,22.82,8.98,8.58,7.46,0.03,0.09,1.11,491.02,30.2
2023/7/28,4,22.53,8.86,8.14,7.15,0.03,0.08,1.12,491.1,25.82
2023/7/29,4,22.71,8.91,9.22,7.06,0.03,0.08,1.22,485.17,37.92
2023/7/30,4,22.92,8.97,7.81,7.13,0.03,0.07,1.27,484.64,39.39
2023/7/31,4,23.07,8.78,8.22,6.87,0.03,0.07,1.09,491.88,22.0
2023/8/1,4,22.69,8.91,8.45,6.66,0.03,0.07,1.13,487.96,26.15
2023/8/2,5,23.19,9.03,8.52,6.78,0.03,0.06,1.1,484.95,25.55
2023/8/3,4,23.02,9.02,8.63,6.7,0.03,0.06,1.06,476.68,25.03
2023/8/4,4,24.47,9.04,9.04,6.54,0.03,0.05,1.04,474.79,26.35
2023/8/5,5,24.26,8.97,8.78,6.6,0.03,0.05,1.15,439.31,30.61
2023/8/6,5,24.18,8.98,8.93,6.46,0.03,0.05,1.15,447.71,33.38
2023/8/7,5,23.8,9.04,8.81,6.29,0.03,0.06,1.06,450.38,26.65
2023/8/8,5,23.92,9.1,9.19,6.33,0.03,0.05,1.07,455.39,30.49
2023/8/9,5,24.17,9.03,9.2,6.74,0.03,0.06,1.21,441.23,34.26
2023/8/10,5,24.83,9.06,9.31,6.9,0.03,0.06,1.28,447.67,43.52
2023/8/11,4,25.25,9.08,9.32,7.01,0.03,0.06,1.23,435.74,34.13
2023/8/12,5,25.125,9.03,9.49,7.07,0.03,0.06,1.21,443.28,37.15
2023/8/13,5,25.0,9.05,9.76,7.35,0.03,0.07,1.43,433.21,109.27
2023/8/14,5,25.7,9.07,10.05,7.53,0.03,0.06,1.3,427.37,186.42
2023/8/15,5,24.87,9.09,10.29,7.38,0.03,0.05,1.33,432.41,58.4
2023/8/16,5,24.43,9.11,10.32,7.02,0.03,0.05,1.25,442.34,32.69
2023/8/17,5,24.77,9.14,10.31,7.15,0.03,0.06,1.23,439.46,33.81
2023/8/18,5,24.43,9.17,9.19,7.35,0.03,0.06,1.2,436.91,33.07
2023/8/19,5,24.56,9.2,10.29,7.19,0.03,0.06,1.22,439.75,40.09
2023/8/20,5,24.6,9.23,10.38,7.06,0.03,0.06,1.1,425.33,119.09
2023/8/21,5,24.69,9.26,8.87,6.9,0.03,0.06,1.05,440.7,30.93
2023/8/22,5,24.24,9.3,10.14,7.14,0.03,0.07,1.06,433.44,34.81
2023/8/23,5,24.09,9.33,10.09,7.25,0.03,0.06,1.19,426.8,33.76
2023/8/24,5,23.64,9.37,7.55,7.12,0.03,0.07,1.16,439.34,34.08
2023/8/25,5,23.26,9.39,7.09,7.09,0.03,0.07,1.11,437.67,35.23
2023/8/26,5,23.04,9.41,7.21,6.97,0.03,0.08,1.08,438.77,35.64
2023/8/27,5,23.05,9.42,7.97,6.58,0.03,0.07,1.1,441.07,35.54
2023/8/28,5,22.66,9.43,7.85,6.91,0.03,0.09,1.14,442.8,41.68
2023/8/29,5,22.83,9.44,8.61,7.18,0.03,0.08,1.2,443.72,42.13
2023/8/30,5,21.98,9.45,7.34,7.55,0.03,0.08,1.12,443.85,41.22
2023/8/31,5,22.22,9.45,9.14,7.29,0.03,0.08,1.15,442.07,42.69
2023/9/1,5,22.22,9.44,8.42,7.62,0.03,0.07,1.29,437.22,47.82
2023/9/2,5,21.65,9.43,8.47,7.38,0.03,0.07,1.15,437.13,41.82
2023/9/3,5,21.78,9.43,8.48,7.6,0.03,0.08,1.2,438.11,45.28
2023/9/4,5,21.91,9.42,8.48,7.41,0.03,0.09,1.17,432.82,53.74
2023/9/5,5,22.11,9.41,8.69,7.54,0.03,0.08,1.22,428.07,62.06
2023/9/6,5,22.73,9.41,8.92,7.62,0.03,0.08,1.19,429.96,82.7
2023/9/7,5,22.86,9.42,9.26,6.93,0.05,0.07,1.07,430.74,94.87
2023/9/8,5,22.92,9.43,9.51,7.17,0.04,0.06,1.01,429.78,41.01
2023/9/9,5,24.05,9.44,9.81,7.08,0.04,0.06,1.0,428.01,60.4
2023/9/10,5,23.95,9.45,10.01,6.63,0.04,0.05,1.12,429.35,63.8
2023/9/11,5,23.74,9.48,10.36,6.53,0.03,0.05,1.1,427.07,39.92
2023/9/12,5,22.91,9.5,10.4,6.88,0.03,0.06,1.07,433.08,25.78
2023/9/13,5,22.59,9.52,8.09,7.32,0.03,0.08,1.03,433.98,35.57
2023/9/14,5,22.88,9.54,7.67,7.24,0.03,0.08,1.01,434.57,29.83
2023/9/15,5,22.71,9.56,7.85,7.41,0.03,0.08,0.98,434.52,30.36
2023/9/16,5,23.17,9.58,9.15,7.3,0.03,0.07,0.95,434.85,25.05
2023/9/17,5,22.67,9.59,8.29,6.9,0.03,0.07,0.92,433.46,24.82
2023/9/18,5,22.65,9.6,7.34,7.04,0.03,0.08,0.89,434.09,27.69
2023/9/19,5,22.86,9.6,7.73,7.1,0.03,0.08,0.87,434.12,26.7
2023/9/20,5,22.63,9.59,7.02,7.36,0.03,0.08,0.85,435.01,29.3
2023/9/21,5,22.36,9.58,6.51,7.5,0.03,0.09,0.84,436.15,32.33
2023/9/22,5,22.31,9.56,6.56,7.5,0.03,0.09,0.84,437.13,33.97
2023/9/23,5,22.61,9.53,6.96,7.47,0.03,0.09,0.84,437.83,33.82
2023/9/24,5,23.08,9.5,7.39,7.61,0.03,0.09,0.84,438.03,32.48
2023/9/25,5,23.11,9.46,7.51,7.35,0.03,0.09,0.84,438.03,32.36
2023/9/26,5,23.63,9.43,7.71,6.85,0.03,0.08,0.85,439.84,30.9
2023/9/27,5,22.49,9.4,6.37,6.37,0.03,0.09,1.0,439.96,33.49
2023/9/28,4,22.01,8.96,7.11,6.78,0.04,0.08,1.0,439.08,36.1
2023/9/29,5,21.89,8.98,6.57,7.19,0.04,0.09,1.05,438.92,35.29
2023/9/30,4,22.08,9.05,7.35,7.15,0.03,0.09,1.04,437.95,33.56
2023/10/1,4,21.76,8.95,6.5,7.02,0.03,0.08,1.02,439.12,29.76
2023/10/2,4,21.68,9.01,6.62,7.0,0.03,0.09,1.01,439.99,33.36
2023/10/3,5,21.88,9.15,7.25,7.32,0.03,0.09,1.03,441.31,33.84
2023/10/4,5,21.69,9.06,6.86,7.33,0.03,0.09,1.02,441.07,34.09
2023/10/5,5,21.86,9.03,7.1,7.37,0.03,0.09,1.01,441.11,33.34
2023/10/6,4,21.87,9.0,7.21,7.46,0.03,0.09,1.02,441.0,33.92
2023/10/7,4,21.38,8.76,6.79,7.14,0.03,0.09,1.0,440.31,47.87
2023/10/8,4,20.69,8.71,6.64,7.25,0.03,0.09,1.0,437.91,42.77
2023/10/9,4,20.08,8.56,6.59,7.42,0.03,0.09,1.01,438.62,42.76
2023/10/10,4,19.74,8.67,6.6,7.52,0.03,0.09,1.01,441.24,42.32
2023/10/11,4,19.39,8.55,6.56,7.32,0.03,0.09,0.98,448.16,38.85
2023/10/12,4,19.32,8.62,6.44,7.36,0.03,0.09,1.03,448.35,43.17
2023/10/13,3,19.17,8.51,6.41,6.64,0.04,0.1,1.02,447.22,38.43
2023/10/14,4,18.85,8.53,6.46,7.12,0.05,0.1,1.01,447.51,40.3
2023/10/15,4,18.74,8.57,6.9,6.75,0.04,0.1,1.0,449.31,40.78
2023/10/16,4,19.24,8.67,7.57,6.59,0.03,0.09,1.0,449.93,34.38
2023/10/17,3,18.54,8.66,7.21,6.64,0.03,0.09,1.0,450.61,33.8
2023/10/18,3,18.6,8.64,7.08,6.76,0.03,0.09,0.99,451.17,33.97
2023/10/19,4,19.91,8.89,8.62,7.06,0.03,0.09,0.99,451.27,32.81
2023/10/20,4,18.65,8.55,6.81,7.02,0.03,0.1,0.98,451.9,40.62
2023/10/21,4,18.86,8.65,7.19,7.22,0.03,0.09,0.98,451.97,35.21
2023/10/22,3,18.57,8.65,7.05,7.56,0.03,0.09,0.98,452.85,32.15
2023/10/23,4,18.96,8.74,7.93,7.05,0.03,0.08,1.0,452.17,32.0
2023/10/24,3,18.72,8.71,7.72,7.14,0.03,0.08,0.97,452.44,33.3
2023/10/25,3,18.7,8.7,7.56,7.25,0.03,0.08,0.96,452.28,31.31
2023/10/26,3,18.9,8.79,7.8,7.35,0.03,0.08,0.96,453.8,29.94
2023/10/27,4,18.78,8.95,8.06,7.44,0.03,0.08,0.95,456.36,31.63
2023/10/28,4,19.02,8.93,8.26,7.54,0.03,0.08,0.94,456.97,30.73
2023/10/29,4,19.28,9.01,8.92,7.71,0.03,0.07,0.94,456.88,29.22
2023/10/30,4,19.78,9.08,7.97,7.81,0.03,0.07,0.93,457.45,28.15
2023/10/31,4,19.72,8.89,8.39,6.91,0.03,0.06,0.92,457.01,22.9
2023/11/1,3,19.31,8.81,8.09,7.02,0.03,0.07,0.92,458.58,30.45
2023/11/2,3,18.81,8.75,7.59,7.14,0.03,0.08,0.91,459.14,28.14
2023/11/3,3,18.86,8.81,7.85,7.29,0.03,0.08,0.9,458.65,29.91
2023/11/4,3,18.68,8.84,7.85,7.32,0.03,0.08,0.89,458.5,30.71
2023/11/5,4,18.31,8.88,7.6,7.26,0.03,0.08,0.87,459.18,32.82
2023/11/6,4,18.26,8.93,7.6,7.26,0.03,0.08,0.87,459.44,31.63
2023/11/7,3,17.99,8.85,7.38,7.31,0.03,0.08,0.86,459.04,30.52
2023/11/8,3,17.85,8.85,7.56,7.7,0.03,0.08,0.85,459.0,34.01
2023/11/9,4,17.86,8.94,7.88,7.68,0.03,0.08,0.85,459.66,32.91
2023/11/10,4,17.79,8.98,7.95,7.38,0.03,0.08,0.84,459.69,33.15
2023/11/11,3,17.73,8.9,8.13,7.61,0.03,0.08,0.84,461.32,33.03
2023/11/12,4,17.95,8.93,8.91,7.6,0.03,0.07,0.85,462.32,29.55
2023/11/13,3,17.56,8.85,8.35,7.47,0.03,0.07,0.85,462.96,27.53
2023/11/14,3,17.49,8.78,8.01,7.66,0.03,0.08,0.86,463.68,32.06
2023/11/15,3,17.4,8.84,8.1,7.53,0.03,0.08,0.86,463.98,33.19
2023/11/16,4,16.75,8.65,7.2,7.68,0.03,0.08,0.87,465.34,65.33
2023/11/17,4,15.81,8.53,7.04,7.74,0.03,0.09,0.88,465.94,45.03
2023/11/18,3,15.42,8.57,7.15,7.26,0.06,0.08,1.05,465.73,35.46
2023/11/19,3,15.29,8.66,7.47,7.18,0.03,0.08,0.99,465.71,31.58
2023/11/20,4,15.48,8.84,8.41,7.27,0.03,0.07,1.03,464.72,34.85
2023/11/21,3,14.98,8.88,8.58,7.35,0.03,0.08,1.04,466.32,30.29
2023/11/22,5,15.25,8.99,9.17,7.44,0.03,0.07,1.06,467.7,30.94
2023/11/23,5,15.77,8.8,8.21,7.44,0.03,0.06,1.09,467.16,31.8
2023/11/24,5,15.64,8.82,8.32,7.39,0.03,0.06,1.09,466.7,32.27
2023/11/25,5,15.21,8.79,8.42,7.55,0.03,0.06,1.0,467.26,31.61
2023/11/26,5,15.79,8.87,8.59,7.63,0.04,0.06,1.07,466.22,31.88
2023/11/27,5,16.06,8.91,8.8,7.65,0.04,0.06,1.05,465.44,33.06
2023/11/28,5,15.28,9.07,8.98,7.55,0.04,0.06,1.03,466.81,27.62
2023/11/29,5,15.27,9.07,9.21,7.45,0.04,0.06,1.02,467.59,27.53
2023/11/30,5,15.44,9.03,9.38,7.68,0.05,0.06,1.02,466.77,29.01
2023/12/1,5,15.0,9.08,9.17,7.58,0.07,0.06,1.01,467.14,29.84
2023/12/2,5,14.87,8.98,9.01,7.65,0.06,0.06,1.0,466.43,31.17
2023/12/3,5,15.06,9.0,9.26,7.72,0.04,0.06,0.99,465.58,32.17
2023/12/4,5,15.19,9.01,9.19,7.76,0.03,0.07,0.99,466.81,31.33
2023/12/5,5,14.95,9.02,8.43,7.8,0.03,0.07,1.01,470.38,32.7
2023/12/6,3,14.42,8.89,7.98,7.88,0.03,0.08,0.97,470.9,46.17
2023/12/7,3,14.17,8.87,8.05,7.94,0.03,0.08,1.01,470.2,40.09
2023/12/8,3,14.05,8.86,7.97,7.96,0.03,0.08,1.01,470.36,34.2
2023/12/9,3,14.06,8.83,7.88,7.97,0.03,0.08,1.03,469.33,37.55
2023/12/10,3,14.17,8.92,8.26,8.02,0.03,0.07,0.99,469.94,35.66
2023/12/11,4,14.28,8.99,8.67,8.1,0.03,0.08,1.01,469.64,36.96
2023/12/12,5,14.43,9.05,8.85,8.16,0.03,0.08,1.0,468.84,34.9
2023/12/13,5,14.11,9.02,8.48,8.2,0.03,0.08,0.98,467.84,35.64
2023/12/14,4,14.18,9.0,8.26,8.22,0.03,0.08,0.99,466.77,38.88
2023/12/15,4,14.23,8.99,8.11,8.27,0.03,0.08,0.99,465.83,40.2
2023/12/16,3,14.21,8.95,8.03,8.33,0.03,0.09,1.03,467.33,45.05
2023/12/17,4,14.03,8.97,8.23,8.43,0.03,0.08,1.04,469.6,45.84
2023/12/18,3,13.96,8.95,8.16,8.47,0.03,0.09,1.0,473.7,46.06
2023/12/19,4,13.81,8.95,8.23,8.51,0.03,0.09,0.99,474.03,43.17
2023/12/20,4,13.62,8.96,8.21,8.59,0.03,0.08,1.01,474.76,47.44
2023/12/21,4,13.78,8.98,8.54,8.65,0.03,0.08,1.03,474.76,40.53
2023/12/22,3,12.65,8.91,8.07,8.7,0.03,0.09,1.02,475.0,41.8
2023/12/23,4,12.14,8.91,8.13,8.74,0.03,0.08,1.04,474.61,40.38
2023/12/24,3,11.6,8.88,7.96,8.79,0.03,0.08,1.03,473.89,39.74
2023/12/25,3,10.97,8.85,8.04,8.83,0.03,0.09,1.05,474.29,39.66
2023/12/26,3,11.08,8.9,8.21,8.88,0.03,0.08,1.08,473.33,40.9
2023/12/27,3,11.05,8.92,8.42,8.93,0.03,0.08,1.05,473.49,42.66
2023/12/28,4,11.1,9.06,8.63,8.98,0.03,0.08,0.99,473.5,40.07
2023/12/29,5,11.08,8.95,8.75,9.0,0.03,0.08,1.01,473.87,39.37
2023/12/30,5,11.44,8.97,9.01,9.04,0.03,0.08,1.04,474.74,39.37
2023/12/31,5,11.74,8.95,8.45,9.07,0.03,0.08,1.08,477.01,39.47
2024/1/1,4,11.26,9.0,9.02,9.1,0.03,0.08,1.05,476.11,38.81
